{"cameraMode":{"drawMode":0,"name":"Shaded","section":"Shading Mode"},"sceneLighting":false,"audioPlay":false,"sceneViewState":{"m_AlwaysRefresh":false,"showFog":true,"showSkybox":false,"showFlares":true,"showImageEffects":true,"showParticleSystems":true,"showVisualEffectGraphs":true,"m_FxEnabled":true},"in2DMode":false,"pivot":{"x":-1.4901161193847657e-7,"y":0.5035896301269531,"z":-3.725290298461914e-8},"rotation":{"x":0.14266467094421388,"y":0.06179771572351456,"z":-0.008745364844799042,"w":0.9879974722862244},"size":0.735766589641571,"orthographic":true}