{"cameraMode":{"drawMode":0,"name":"Shaded","section":"Shading Mode"},"sceneLighting":true,"audioPlay":false,"sceneViewState":{"m_AlwaysRefresh":false,"showFog":true,"showSkybox":true,"showFlares":true,"showImageEffects":true,"showParticleSystems":true,"showVisualEffectGraphs":true,"m_FxEnabled":true},"in2DMode":false,"pivot":{"x":-0.049700140953063968,"y":1.1125431060791016,"z":2.9487521648406984},"rotation":{"x":-0.07029230147600174,"y":-0.23450858891010285,"z":0.016757173463702203,"w":-0.9698233008384705},"size":18.251461029052736,"orthographic":true}